test_subject,baseline_f1,optimized_f1,improvement,baseline_accuracy,optimized_accuracy
1,0.5709172899139829,0.6499999999999999,0.07908271008601697,0.4985830003146997,0.5599999999999999
2,0.3427622409616844,0.36,0.017237759038315592,0.34748540150810503,0.36
3,0.38955209228249593,0.4066666666666666,0.01711457438417069,0.4737039482470094,0.49000000000000005
4,0.41291639722124046,0.44666666666666666,0.033750269445426195,0.4989880283975782,0.53
5,0.50117367610429,0.5409523809523809,0.03977870484809087,0.41005786312031745,0.44000000000000006
6,0.23261538140883314,0.26095238095238094,0.02833699954354779,0.27309489561995465,0.3
7,0.41191583986340846,0.5047619047619047,0.09284606489849628,0.47171896726154056,0.5599999999999999
8,0.4864621430074089,0.5076190476190476,0.021156904611638716,0.4217891112251254,0.43
