{
  "feature_extraction": {
    "expected_features": 256,
    "actual_features": 256,
    "extraction_time": 0.08315372467041016,
    "success": true
  },
  "model_performance": {
    "cv_results": {
      "accuracy": {
        "mean": 0.43,
        "std": 0.116619037896906,
        "scores": [
          0.4,
          0.6,
          0.4,
          0.25,
          0.5
        ]
      },
      "f1": {
        "mean": 0.5242857142857142,
        "std": 0.13011768613412225,
        "scores": [
          0.5714285714285715,
          0.7499999999999999,
          0.4,
          0.4,
          0.5
        ]
      },
      "precision": {
        "mean": 0.4533333333333333,
        "std": 0.10456258094238748,
        "scores": [
          0.5,
          0.6,
          0.3333333333333333,
          0.3333333333333333,
          0.5
        ]
      },
      "recall": {
        "mean": 0.6333333333333333,
        "std": 0.19436506316151003,
        "scores": [
          0.6666666666666666,
          1.0,
          0.5,
          0.5,
          0.5
        ]
      }
    },
    "training_time": 2.1294798851013184,
    "input_dimension": 256
  },
  "timing_comparison": {
    "optimized_times": [
      0.0840902328491211,
      0.08382344245910645,
      0.08286261558532715,
      0.08272051811218262,
      0.0825650691986084
    ],
    "average_time": 0.08321237564086914,
    "std_time": 0.0006208538458608736,
    "features_per_second": 3076.465465964506
  }
}